{
  "timestamp": "20260406_203440",
  "total_epochs": 50,
  "best_val_loss": -3.214120337220489,
  "final_lr": 0.0005,
  "train_losses": [
    -1.5348708971845295,
    -1.9042305804375994,
    -2.02571171730206,
    -2.101704069476353,
    -2.146329270496016,
    -2.177750495914561,
    -2.2089779678066654,
    -2.251570990198202,
    -2.298740439101656,
    -2.324767191062473,
    -2.3515271937333093,
    -2.3772491111402885,
    -2.406844097730805,
    -2.4126161667967723,
    -2.4417875145984627,
    -2.465833595156425,
    -2.500331501696389,
    -2.5331570421645773,
    -2.5403987183952723,
    -2.565446031411815,
    -2.5902740867230927,
    -2.600202923193115,
    -2.6165989948249204,
    -2.6305036128668813,
    -2.6445683576243124,
    -2.6567576991459183,
    -2.6681150366883015,
    -2.6833071189739375,
    -2.6918073890145555,
    -2.698461875778449,
    -2.7037175798318223,
    -2.7170239557230986,
    -2.7192622582280905,
    -2.7226690291379265,
    -2.7310322535356213,
    -2.733742306609418,
    -2.7361351763198507,
    -2.7441987619262944,
    -2.7492486471023403,
    -2.762442308774474,
    -2.7626833626866585,
    -2.7715731930194205,
    -2.768734249001411,
    -2.775541068102545,
    -2.7841166387593232,
    -2.7874246343694917,
    -2.7907546736621267,
    -2.789904403001131,
    -2.7927901970042828,
    -2.7997262017682836
  ],
  "val_losses": [
    -2.1773716807365417,
    -2.495920207656798,
    -2.5169534790711325,
    -2.4738375544548035,
    -2.570396167333009,
    -2.552597198329988,
    -2.625947622002148,
    -2.6553177090941884,
    -2.7229217134538244,
    -2.722045460685355,
    -2.72917245450567,
    -2.730713125135078,
    -2.8162489406398086,
    -2.7922147277925835,
    -2.751723074522175,
    -2.8472428243668353,
    -2.9059128956716567,
    -2.9216412188576872,
    -2.8872814608401938,
    -2.9905396797617927,
    -2.9602010250091553,
    -3.0200882114347865,
    -2.9649420742128716,
    -2.9687120934001734,
    -3.0239552962975424,
    -3.0628246068954468,
    -3.0464697998078143,
    -3.0806590123254747,
    -3.0521697450856693,
    -3.0901360511779785,
    -3.107932137661293,
    -3.0981258329797963,
    -3.106749943045319,
    -3.1331387328319864,
    -3.0918723129835284,
    -3.1393158299023987,
    -3.1260528896675734,
    -3.116320397033066,
    -3.156130509298356,
    -3.1586102384035706,
    -3.149025199843235,
    -3.1638570027273207,
    -3.156837252319836,
    -3.1884118963460453,
    -3.214120337220489,
    -3.1720341385387982,
    -3.169858664762778,
    -3.1637066094601742,
    -3.1637907673100956,
    -3.1602561630186488
  ],
  "config": {
    "seed": 221,
    "data": {
      "csv_path": "data/historic_demand_2009_2024_noNaN.csv",
      "date_start": "2019-01-01",
      "date_end": "2024-12-31",
      "target": "tsd",
      "threshold_date_1": "01-01-2023",
      "threshold_date_2": "01-01-2024"
    },
    "features": {
      "enabled": false
    },
    "seq_len": 48,
    "batch_size": 144,
    "model": {
      "type": "lstm",
      "d_model": 64,
      "num_layers": 2,
      "dropout": 0.5,
      "bidirectional": false
    },
    "training": {
      "num_epochs": 50,
      "learning_rate": 0.0005,
      "patience": 12,
      "lr_factor": 0.5,
      "lr_patience": 5
    }
  }
}