{
  "timestamp": "20260406_213458",
  "total_epochs": 50,
  "best_val_loss": -3.2928483622973084,
  "final_lr": 0.00025,
  "train_losses": [
    -1.2730952391603645,
    -1.8836386947905992,
    -2.0476490102509453,
    -2.169311721222112,
    -2.2272043483947583,
    -2.2711376083949752,
    -2.3306861202819635,
    -2.3566384858908838,
    -2.399252377006797,
    -2.4368612252221706,
    -2.4448823276486484,
    -2.4763427275162213,
    -2.498460315825758,
    -2.523363497222963,
    -2.5327912816276785,
    -2.5464840653128693,
    -2.571023569949109,
    -2.5840828506853546,
    -2.6005570829771383,
    -2.6060965173787896,
    -2.622004240200505,
    -2.630911600418404,
    -2.649624842148297,
    -2.6797298508747893,
    -2.678524890719498,
    -2.7007883853246546,
    -2.7095421873323726,
    -2.7129473064469605,
    -2.728490051058039,
    -2.736496071061559,
    -2.745493984809891,
    -2.7482963729443246,
    -2.7516236065349537,
    -2.7647001718838355,
    -2.7679328032342805,
    -2.7755895086872013,
    -2.78493639820655,
    -2.7902451712003233,
    -2.7907470281119218,
    -2.7962539460379974,
    -2.805134499587073,
    -2.802956727006352,
    -2.8109618158555865,
    -2.8105127757579638,
    -2.818584813229602,
    -2.8153587802479643,
    -2.8233863137341135,
    -2.8226963984158493,
    -2.8308168857738956,
    -2.8423263306980013
  ],
  "val_losses": [
    -2.1883961900335844,
    -2.349537449782012,
    -2.613016194984561,
    -2.76226622745639,
    -2.682129746577779,
    -2.7719269521900864,
    -2.8501229559788936,
    -2.864462365869616,
    -2.8399243843360025,
    -2.906318648916776,
    -2.918078670736219,
    -3.028550458736107,
    -2.904252974713435,
    -3.00536901442731,
    -3.025336898741175,
    -3.016392999008054,
    -2.994962627770471,
    -3.093425348156788,
    -3.0789865743918496,
    -3.1154331672387046,
    -3.080432164864462,
    -3.110218243520768,
    -3.1172688632714944,
    -3.1593855932110646,
    -3.1274551035927947,
    -3.1152333763779185,
    -3.145547474016909,
    -3.1655804290146126,
    -3.219516607581592,
    -3.202251256489363,
    -3.1936554283392233,
    -3.227531147784874,
    -3.2114853077247494,
    -3.2320696740853982,
    -3.1928029861606535,
    -3.242147975280637,
    -3.2175696052488734,
    -3.214382523395976,
    -3.2653667008290523,
    -3.245931408444389,
    -3.2834663762420906,
    -3.2928483622973084,
    -3.2460459685716474,
    -3.261239950774146,
    -3.2214739049067265,
    -3.2361673702959153,
    -3.255895073296594,
    -3.2635300999782126,
    -3.2632173084821856,
    -3.2651121518650994
  ],
  "config": {
    "seed": 221,
    "data": {
      "csv_path": "data/historic_demand_2009_2024_noNaN.csv",
      "date_start": "2019-01-01",
      "date_end": "2024-12-31",
      "target": "tsd",
      "threshold_date_1": "01-01-2023",
      "threshold_date_2": "01-01-2024"
    },
    "features": {
      "enabled": false
    },
    "seq_len": 48,
    "batch_size": 144,
    "model": {
      "type": "transformer",
      "d_model": 64,
      "nhead": 4,
      "num_layers": 2,
      "dim_feedforward": 128,
      "dropout": 0.5
    },
    "training": {
      "num_epochs": 50,
      "learning_rate": 0.0005,
      "patience": 12,
      "lr_factor": 0.5,
      "lr_patience": 5
    }
  }
}