{
  "timestamp": "20260406_201251",
  "total_epochs": 50,
  "best_val_loss": -3.2125802333237696,
  "final_lr": 0.00025,
  "train_losses": [
    -1.5016443571573013,
    -1.8595951949791252,
    -2.014482116307566,
    -2.111023112978534,
    -2.175559645071167,
    -2.2232076152394193,
    -2.253230443480568,
    -2.2796695643626688,
    -2.3160573625956227,
    -2.323582497220754,
    -2.344016477067857,
    -2.3702171710482367,
    -2.3783931959825866,
    -2.4161472021921457,
    -2.4122385694750523,
    -2.4295314978769915,
    -2.4454796825835836,
    -2.469907203738939,
    -2.4704304786678213,
    -2.4955304817007797,
    -2.5200246511298774,
    -2.509978709034851,
    -2.527212556627497,
    -2.527330425975259,
    -2.546341813075714,
    -2.543696528832281,
    -2.5664236655715067,
    -2.5713648228185133,
    -2.5753613673686,
    -2.587856123579601,
    -2.6076372242561354,
    -2.624557739410557,
    -2.634655532161313,
    -2.6377568807934835,
    -2.659541058344518,
    -2.6660833309808063,
    -2.681227407905845,
    -2.688507322413231,
    -2.6959509822622216,
    -2.7005052737876376,
    -2.7371381797829692,
    -2.734537267587023,
    -2.7382232496625836,
    -2.7577495863795036,
    -2.7536828385731034,
    -2.765095965818213,
    -2.776199224793201,
    -2.763352180653284,
    -2.7736734506775464,
    -2.7729870817744513
  ],
  "val_losses": [
    -1.8787259996914474,
    -2.1038980435152523,
    -2.371528196530264,
    -2.3484765437782786,
    -2.441926923931622,
    -2.5579791547822173,
    -2.593904233369671,
    -2.6923355020460535,
    -2.6676705919328283,
    -2.6205665557110898,
    -2.680102518347443,
    -2.7902245990565566,
    -2.668057758300031,
    -2.631829363400819,
    -2.6270941261385308,
    -2.8266399492982957,
    -2.709081497348723,
    -2.8492887274163667,
    -2.8089064535547474,
    -2.8355804115045267,
    -2.876771725592066,
    -2.8579663194593836,
    -2.93609893517416,
    -2.759803125115692,
    -2.921688480455367,
    -2.958051886714873,
    -2.9872130702753537,
    -2.947759581393883,
    -3.0064058147492956,
    -3.039860123493632,
    -3.025312458882566,
    -3.040715188276572,
    -3.025158415075208,
    -3.107793825571654,
    -3.041811743720633,
    -3.100697120682138,
    -3.0945060663535946,
    -3.041859423527952,
    -3.048917209515806,
    -3.0931543404938746,
    -3.1439191435204177,
    -3.147043980535914,
    -3.1637485965353545,
    -3.1336728353969385,
    -3.2125802333237696,
    -3.1311902452687748,
    -3.1626581774383293,
    -3.1589353397244313,
    -3.1824915624055707,
    -3.170231146890609
  ],
  "config": {
    "seed": 221,
    "data": {
      "csv_path": "data/historic_demand_2009_2024_noNaN.csv",
      "date_start": "2019-01-01",
      "date_end": "2024-12-31",
      "target": "tsd",
      "threshold_date_1": "01-01-2023",
      "threshold_date_2": "01-01-2024"
    },
    "features": {
      "enabled": true,
      "columns": [
        "is_day_off"
      ],
      "cols_to_scale": [
        "tsd"
      ]
    },
    "seq_len": 48,
    "batch_size": 144,
    "model": {
      "type": "cnn",
      "hidden_dim": 128,
      "dropout": 0.5
    },
    "training": {
      "num_epochs": 50,
      "learning_rate": 0.0005,
      "patience": 12,
      "lr_factor": 0.5,
      "lr_patience": 5
    }
  }
}