{
  "timestamp": "20260318_152719",
  "total_epochs": 50,
  "best_val_loss": -3.1898470433031925,
  "final_lr": 0.000125,
  "train_losses": [
    -1.7088211047476505,
    -2.0506292439584124,
    -2.1511676641949884,
    -2.2157787023383735,
    -2.291699693677851,
    -2.3176254310647075,
    -2.3505441368972497,
    -2.3764557510430806,
    -2.3933804539439616,
    -2.411739123675368,
    -2.437620367847184,
    -2.457370732599215,
    -2.486492862936408,
    -2.503228111923108,
    -2.5224347765685597,
    -2.5439560084127546,
    -2.5760283852015187,
    -2.5754113858240584,
    -2.59662055528629,
    -2.6165197282356405,
    -2.6339770322952427,
    -2.6513491009784675,
    -2.653864824796359,
    -2.666313489604535,
    -2.6754064983411,
    -2.6838409068403304,
    -2.702803191707854,
    -2.7007004260037712,
    -2.7103418564649577,
    -2.71928987757626,
    -2.724904739881198,
    -2.735073104776151,
    -2.7329223909906784,
    -2.746009760568764,
    -2.745099344292705,
    -2.7526330801006216,
    -2.763150346842145,
    -2.7683401749119376,
    -2.764440127221955,
    -2.766692689801633,
    -2.770994266200604,
    -2.770684732303972,
    -2.7744544188834315,
    -2.7673854088636394,
    -2.775606795258101,
    -2.769807935984962,
    -2.776499283631969,
    -2.7792750217586573,
    -2.781642157439089,
    -2.7793023424716456
  ],
  "val_losses": [
    -2.3821665693501957,
    -2.490502067276689,
    -2.5497684938008667,
    -2.727187418546833,
    -2.687602996826172,
    -2.782988962579946,
    -2.7377343764070603,
    -2.791268034059493,
    -2.862546395082943,
    -2.83765109640653,
    -2.833896023328187,
    -2.9504604417769635,
    -2.9100759205270985,
    -2.936433569329684,
    -2.9438216099973586,
    -2.984133009050713,
    -2.925416328867928,
    -2.9887875572579805,
    -3.042595368916871,
    -3.0401385104069942,
    -3.0606139155684926,
    -3.0576677107420123,
    -3.017889175258699,
    -3.0567007123446857,
    -2.997465133666992,
    -3.060778832826458,
    -3.11706808160563,
    -3.086380804171328,
    -3.0972933769226074,
    -3.164480938286078,
    -3.080786730422348,
    -3.0717134944728164,
    -3.124997600180204,
    -3.1078974751175426,
    -3.160685619369882,
    -3.1298975612296434,
    -3.1432781532162526,
    -3.1339140426917154,
    -3.144952615753549,
    -3.1828651936327823,
    -3.177171697382067,
    -3.1611198988117155,
    -3.1816204708130633,
    -3.1409236309958284,
    -3.1629032854174004,
    -3.1528446889314496,
    -3.1898470433031925,
    -3.1744039273652875,
    -3.173818836446668,
    -3.1836357468464334
  ],
  "metrics": {
    "mape": 1.39,
    "rmse": 487.97
  },
  "config": {
    "seed": 221,
    "data": {
      "csv_path": "data/historic_demand_2009_2024_noNaN.csv",
      "date_start": "2019-01-01",
      "date_end": "2024-12-31",
      "target": "tsd",
      "threshold_date_1": "01-01-2023",
      "threshold_date_2": "01-01-2024"
    },
    "features": {
      "enabled": false,
      "columns": [
        "is_holiday",
        "settlement_period",
        "day_of_month",
        "day_of_week",
        "day_of_year",
        "quarter",
        "month",
        "week_of_year"
      ],
      "cols_to_scale": "all"
    },
    "seq_len": 48,
    "batch_size": 144,
    "model": {
      "type": "mamba",
      "d_model": 64,
      "d_state": 16,
      "d_conv": 4,
      "expand": 2,
      "num_layers": 2,
      "dropout": 0.5
    },
    "training": {
      "num_epochs": 50,
      "learning_rate": 0.0005,
      "patience": 12,
      "lr_factor": 0.5,
      "lr_patience": 5
    }
  }
}