{
  "timestamp": "20260406_200509",
  "total_epochs": 50,
  "best_val_loss": -3.3081650694862743,
  "final_lr": 0.00025,
  "train_losses": [
    -1.5083443084406596,
    -2.008733834329327,
    -2.1204819245994457,
    -2.2054932496875708,
    -2.2511524517678136,
    -2.2922976154076733,
    -2.3307291665850722,
    -2.362489329226453,
    -2.3983807294520507,
    -2.4365153963805715,
    -2.469599602893148,
    -2.475625388920919,
    -2.5071654990468426,
    -2.52277993421535,
    -2.5648951833987383,
    -2.5694146851494573,
    -2.5872144948775273,
    -2.5970495236727738,
    -2.6117815574826158,
    -2.6323451800023263,
    -2.6445432864665004,
    -2.6586894519030437,
    -2.671581183126085,
    -2.6826245275611016,
    -2.6940310618226286,
    -2.705534369059412,
    -2.70961255606195,
    -2.7224892889449728,
    -2.7325767153831966,
    -2.7371701533299944,
    -2.7493302685034595,
    -2.747174673746254,
    -2.761368637457031,
    -2.764307368707363,
    -2.7693438598507485,
    -2.781849521875871,
    -2.7768340233170274,
    -2.7809077621240634,
    -2.789346724320241,
    -2.789750256822339,
    -2.7996253208458057,
    -2.7968657819642178,
    -2.808047720049441,
    -2.8080714086732335,
    -2.8084749113118135,
    -2.830562411392494,
    -2.8311327022693487,
    -2.834018610830914,
    -2.8342006994713502,
    -2.8370004547205303
  ],
  "val_losses": [
    -2.4823045115001867,
    -2.641678309831463,
    -2.5128539810415176,
    -2.7695210038638507,
    -2.7515403931258153,
    -2.777203077175578,
    -2.783954372171496,
    -2.9241746761759773,
    -2.9028978758170956,
    -2.9411357797560145,
    -2.9102680135945804,
    -2.8949632507855774,
    -2.9633152113586174,
    -3.0255023221500585,
    -3.101573265966822,
    -3.053028286480513,
    -3.059442600265878,
    -3.0406020821117963,
    -3.105445619489326,
    -3.0991108691106075,
    -3.1055348075804163,
    -3.0816118912618666,
    -3.16882930036451,
    -3.1486753909314267,
    -3.2038124565218316,
    -3.1467345190829916,
    -3.212279706704812,
    -3.162369962598457,
    -3.232668716399396,
    -3.1802701832818205,
    -3.2219152313763977,
    -3.218051912354641,
    -3.2541609748465117,
    -3.2393158596070086,
    -3.2725998593158407,
    -3.219524055230813,
    -3.2441266677418694,
    -3.2412674583372523,
    -3.3081650694862743,
    -3.2745124160266315,
    -3.2740970517768235,
    -3.230293526024115,
    -3.279461461989606,
    -3.2860986033424,
    -3.2012289879751985,
    -3.2789425478606926,
    -3.299849650898918,
    -3.3034594821148233,
    -3.2875344225617704,
    -3.2871822275099207
  ],
  "config": {
    "seed": 221,
    "data": {
      "csv_path": "data/historic_demand_2009_2024_noNaN.csv",
      "date_start": "2019-01-01",
      "date_end": "2024-12-31",
      "target": "tsd",
      "threshold_date_1": "01-01-2023",
      "threshold_date_2": "01-01-2024"
    },
    "features": {
      "enabled": true,
      "columns": [
        "is_day_off"
      ],
      "cols_to_scale": [
        "tsd"
      ]
    },
    "seq_len": 48,
    "batch_size": 144,
    "model": {
      "type": "transformer",
      "d_model": 64,
      "nhead": 4,
      "num_layers": 2,
      "dim_feedforward": 128,
      "dropout": 0.5
    },
    "training": {
      "num_epochs": 50,
      "learning_rate": 0.0005,
      "patience": 12,
      "lr_factor": 0.5,
      "lr_patience": 5
    }
  }
}