{
  "timestamp": "20260406_200948",
  "total_epochs": 50,
  "best_val_loss": -3.204426818206662,
  "final_lr": 0.0005,
  "train_losses": [
    -1.4624655180456771,
    -1.8680634826605325,
    -2.0375172758983635,
    -2.1296133882456,
    -2.1865061430960466,
    -2.2288849427225164,
    -2.2705271917202143,
    -2.301737336407452,
    -2.356975563742542,
    -2.3786867548552872,
    -2.399635345539273,
    -2.424263535338995,
    -2.4516980596636353,
    -2.4797747742224034,
    -2.496142094629746,
    -2.5235417266156395,
    -2.5313172984172185,
    -2.552712361548226,
    -2.5759074780975277,
    -2.5906762141711415,
    -2.6059882978639073,
    -2.628837060634605,
    -2.6406005280708142,
    -2.659250861565435,
    -2.6713613293743723,
    -2.688282301293751,
    -2.6973315107748985,
    -2.7036466745380503,
    -2.7098309058673085,
    -2.719406426075303,
    -2.7360100031388614,
    -2.7317385027296,
    -2.7417591543413042,
    -2.744374778970801,
    -2.755345572681153,
    -2.7570021128018043,
    -2.7581882848876704,
    -2.760374417295201,
    -2.7560827800625405,
    -2.7667699359525644,
    -2.767905806124333,
    -2.7768560537812155,
    -2.7698925554874743,
    -2.7740445068484703,
    -2.7726196758066606,
    -2.775455637389385,
    -2.774760588483399,
    -2.7745702952085334,
    -2.7805581087938815,
    -2.7799008519252957
  ],
  "val_losses": [
    -2.1966337248927257,
    -2.419190047217197,
    -2.461372575798973,
    -2.5225202959091937,
    -2.5467388551743304,
    -2.610492757109345,
    -2.6665979662879566,
    -2.5621255440790147,
    -2.731467026178954,
    -2.7719329712820833,
    -2.8099286458531365,
    -2.811486400541712,
    -2.847118293652769,
    -2.8598499610775807,
    -2.927131928381373,
    -2.902813968111257,
    -2.8910294751651953,
    -2.914936505380224,
    -2.944535300379894,
    -2.9780011802423196,
    -3.0299346290650915,
    -2.9764037229975715,
    -3.0189915289644333,
    -3.039734842347317,
    -3.059682500166971,
    -3.0532495584644255,
    -3.1162540287267966,
    -3.1028292237735187,
    -3.089678023682266,
    -3.105096265917919,
    -3.1131344720965526,
    -3.1360394700628813,
    -3.106742384003811,
    -3.117077766871843,
    -3.127337205605429,
    -3.1520050861796394,
    -3.10393786821209,
    -3.1460055269178797,
    -3.1222042294799306,
    -3.1580381198007554,
    -3.171018997176749,
    -3.1878159495650746,
    -3.1667717441183623,
    -3.172471527193413,
    -3.204426818206662,
    -3.178088082641852,
    -3.1803351367106205,
    -3.175125991711851,
    -3.1605614970942013,
    -3.1501949654250847
  ],
  "config": {
    "seed": 221,
    "data": {
      "csv_path": "data/historic_demand_2009_2024_noNaN.csv",
      "date_start": "2019-01-01",
      "date_end": "2024-12-31",
      "target": "tsd",
      "threshold_date_1": "01-01-2023",
      "threshold_date_2": "01-01-2024"
    },
    "features": {
      "enabled": true,
      "columns": [
        "is_day_off"
      ],
      "cols_to_scale": [
        "tsd"
      ]
    },
    "seq_len": 48,
    "batch_size": 144,
    "model": {
      "type": "lstm",
      "d_model": 64,
      "num_layers": 2,
      "dropout": 0.5,
      "bidirectional": false
    },
    "training": {
      "num_epochs": 50,
      "learning_rate": 0.0005,
      "patience": 12,
      "lr_factor": 0.5,
      "lr_patience": 5
    }
  }
}